{"v":"5.7.7","fr":24,"ip":0,"op":48,"w":1920,"h":1080,"nm":"Comp 1","ddd":0,"assets":[],"layers":[{"ddd":0,"ind":1,"ty":4,"nm":"Layer 1/3lines Outlines","sr":1,"ks":{"o":{"a":0,"k":100,"ix":11},"r":{"a":0,"k":0,"ix":10},"p":{"a":0,"k":[960,540,0],"ix":2,"l":2},"a":{"a":0,"k":[26.5,26.5,0],"ix":1,"l":2},"s":{"a":0,"k":[790,790,100],"ix":6,"l":2}},"ao":0,"shapes":[{"ty":"gr","it":[{"ind":0,"ty":"sh","ix":1,"ks":{"a":1,"k":[{"i":{"x":0,"y":1},"o":{"x":0.333,"y":0},"t":0,"s":[{"i":[[-4.786,0],[0,0],[0,-4.787],[0,0],[4.787,0],[0,4.787],[0,0]],"o":[[0,0],[4.787,0],[0,0],[0,4.787],[-4.786,0],[0,0],[0,-4.787]],"v":[[0.018,2.532],[0.018,2.532],[8.685,11.199],[8.667,11.143],[0,19.81],[-8.667,11.143],[-8.649,11.199]],"c":true}]},{"i":{"x":0.667,"y":1},"o":{"x":1,"y":0},"t":16,"s":[{"i":[[-4.786,0],[0,0],[0,-4.787],[0,0],[4.787,0],[0,4.787],[0,0]],"o":[[0,0],[4.787,0],[0,0],[0,4.787],[-4.786,0],[0,0],[0,-4.787]],"v":[[0,-19.809],[0,-19.809],[8.667,-11.143],[8.667,11.143],[0,19.81],[-8.667,11.143],[-8.667,-11.143]],"c":true}]},{"t":32,"s":[{"i":[[-4.786,0],[0,0],[0,-4.787],[0,0],[4.787,0],[0,4.787],[0,0]],"o":[[0,0],[4.787,0],[0,0],[0,4.787],[-4.786,0],[0,0],[0,-4.787]],"v":[[0.018,2.532],[0.018,2.532],[8.685,11.199],[8.667,11.143],[0,19.81],[-8.667,11.143],[-8.649,11.199]],"c":true}]}],"ix":2},"nm":"Path 1","mn":"ADBE Vector Shape - Group","hd":false},{"ty":"fl","c":{"a":0,"k":[1,0.830999995213,0.375999989229,1],"ix":4},"o":{"a":0,"k":100,"ix":5},"r":1,"bm":0,"nm":"Fill 1","mn":"ADBE Vector Graphic - Fill","hd":false},{"ty":"tr","p":{"a":0,"k":[8.917,32.44],"ix":2},"a":{"a":0,"k":[0,0],"ix":1},"s":{"a":0,"k":[100,100],"ix":3},"r":{"a":0,"k":0,"ix":6},"o":{"a":0,"k":100,"ix":7},"sk":{"a":0,"k":0,"ix":4},"sa":{"a":0,"k":0,"ix":5},"nm":"Transform"}],"nm":"Group 1","np":4,"cix":2,"bm":0,"ix":1,"mn":"ADBE Vector Group","hd":false},{"ty":"gr","it":[{"ind":0,"ty":"sh","ix":1,"ks":{"a":1,"k":[{"i":{"x":0,"y":1},"o":{"x":0.333,"y":0},"t":8,"s":[{"i":[[-4.786,0],[0,0],[0,-4.787],[0,0],[4.787,0],[0,4.786],[0,0]],"o":[[0,0],[4.787,0],[0,0],[0,4.786],[-4.786,0],[0,0],[0,-4.787]],"v":[[0.019,6.033],[0.019,6.033],[8.686,14.7],[8.667,14.857],[0,23.524],[-8.667,14.857],[-8.648,14.7]],"c":true}]},{"i":{"x":0.667,"y":1},"o":{"x":1,"y":0},"t":24,"s":[{"i":[[-4.786,0],[0,0],[0,-4.787],[0,0],[4.787,0],[0,4.786],[0,0]],"o":[[0,0],[4.787,0],[0,0],[0,4.786],[-4.786,0],[0,0],[0,-4.787]],"v":[[0,-23.524],[0,-23.524],[8.667,-14.857],[8.667,14.857],[0,23.524],[-8.667,14.857],[-8.667,-14.857]],"c":true}]},{"t":40,"s":[{"i":[[-4.786,0],[0,0],[0,-4.787],[0,0],[4.787,0],[0,4.786],[0,0]],"o":[[0,0],[4.787,0],[0,0],[0,4.786],[-4.786,0],[0,0],[0,-4.787]],"v":[[0.019,6.033],[0.019,6.033],[8.686,14.7],[8.667,14.857],[0,23.524],[-8.667,14.857],[-8.648,14.7]],"c":true}]}],"ix":2},"nm":"Path 1","mn":"ADBE Vector Shape - Group","hd":false},{"ty":"fl","c":{"a":0,"k":[0.991999966491,0.635000011968,0.184000007779,1],"ix":4},"o":{"a":0,"k":100,"ix":5},"r":1,"bm":0,"nm":"Fill 1","mn":"ADBE Vector Graphic - Fill","hd":false},{"ty":"tr","p":{"a":0,"k":[26.251,28.726],"ix":2},"a":{"a":0,"k":[0,0],"ix":1},"s":{"a":0,"k":[100,100],"ix":3},"r":{"a":0,"k":0,"ix":6},"o":{"a":0,"k":100,"ix":7},"sk":{"a":0,"k":0,"ix":4},"sa":{"a":0,"k":0,"ix":5},"nm":"Transform"}],"nm":"Group 2","np":4,"cix":2,"bm":0,"ix":2,"mn":"ADBE Vector Group","hd":false},{"ty":"gr","it":[{"ind":0,"ty":"sh","ix":1,"ks":{"a":1,"k":[{"i":{"x":0,"y":1},"o":{"x":0.333,"y":0},"t":16,"s":[{"i":[[-4.787,0],[0,0],[0,-4.787],[0,0],[4.786,0],[0,4.787],[0,0]],"o":[[0,0],[4.786,0],[0,0],[0,4.787],[-4.787,0],[0,0],[0,-4.787]],"v":[[-0.043,8.747],[-0.043,8.747],[8.623,17.414],[8.667,17.333],[0.001,26],[-8.667,17.333],[-8.71,17.414]],"c":true}]},{"i":{"x":0.667,"y":1},"o":{"x":1,"y":0},"t":32,"s":[{"i":[[-4.787,0],[0,0],[0,-4.787],[0,0],[4.786,0],[0,4.787],[0,0]],"o":[[0,0],[4.786,0],[0,0],[0,4.787],[-4.787,0],[0,0],[0,-4.787]],"v":[[0.001,-26],[0.001,-26],[8.667,-17.333],[8.667,17.333],[0.001,26],[-8.667,17.333],[-8.667,-17.333]],"c":true}]},{"t":48,"s":[{"i":[[-4.787,0],[0,0],[0,-4.787],[0,0],[4.786,0],[0,4.787],[0,0]],"o":[[0,0],[4.786,0],[0,0],[0,4.787],[-4.787,0],[0,0],[0,-4.787]],"v":[[-0.043,8.747],[-0.043,8.747],[8.623,17.414],[8.667,17.333],[0.001,26],[-8.667,17.333],[-8.71,17.414]],"c":true}]}],"ix":2},"nm":"Path 1","mn":"ADBE Vector Shape - Group","hd":false},{"ty":"fl","c":{"a":0,"k":[0.961000031116,0.219999994016,0.219999994016,1],"ix":4},"o":{"a":0,"k":100,"ix":5},"r":1,"bm":0,"nm":"Fill 1","mn":"ADBE Vector Graphic - Fill","hd":false},{"ty":"tr","p":{"a":0,"k":[43.583,26.25],"ix":2},"a":{"a":0,"k":[0,0],"ix":1},"s":{"a":0,"k":[100,100],"ix":3},"r":{"a":0,"k":0,"ix":6},"o":{"a":0,"k":100,"ix":7},"sk":{"a":0,"k":0,"ix":4},"sa":{"a":0,"k":0,"ix":5},"nm":"Transform"}],"nm":"Group 3","np":2,"cix":2,"bm":0,"ix":3,"mn":"ADBE Vector Group","hd":false}],"ip":0,"op":48,"st":0,"bm":0}],"markers":[]}